{
  "accuracy": 0.98,
  "precision": 0.7647058823529411,
  "recall": 0.7647058823529411,
  "f1": 0.7647058823529411,
  "confusion_matrix": [
    [
      379,
      4
    ],
    [
      4,
      13
    ]
  ],
  "classification_report": {
    "0": {
      "precision": 0.9895561357702349,
      "recall": 0.9895561357702349,
      "f1-score": 0.9895561357702349,
      "support": 383.0
    },
    "1": {
      "precision": 0.7647058823529411,
      "recall": 0.7647058823529411,
      "f1-score": 0.7647058823529411,
      "support": 17.0
    },
    "accuracy": 0.98,
    "macro avg": {
      "precision": 0.877131009061588,
      "recall": 0.877131009061588,
      "f1-score": 0.877131009061588,
      "support": 400.0
    },
    "weighted avg": {
      "precision": 0.98,
      "recall": 0.98,
      "f1-score": 0.98,
      "support": 400.0
    }
  },
  "roc_auc": 0.990784825679619
}